Census.Tract,Murder_Count,Murder_Percentage,Zip.Code,Most.Common.Clearance.Status,Average.open_case.Duration,Highest.Offense.Description,Offense.Count,Total.Incidents,Total.Family.Violence,AvgPopulation,AvgFoodInsecurePop,AvgFoodInsecurePctg,Proximity.to.Fresh.Food
1,3,0.041345094,78731,Not Cleared,30.79854872,BURGLARY OF VEHICLE,2775,9959,210,NA,NA,NA,NA
2,5,0.015443538,78751,Not Cleared,25.24325736,ASSAULT BY CONTACT,10903,42685,1311,NA,NA,NA,NA
2.05,0,0,78756,Not Cleared,25.48908297,FAMILY DISTURBANCE,51,278,19,3936,595,0.15,FALSE
2.06,0,0,78756,Not Cleared,8.5,BURGLARY OF RESIDENCE,1,4,0,3368,565,0.165,FALSE
3,12,0.027866797,78751,Not Cleared,30.53652761,THEFT,7300,58059,2386,NA,NA,NA,NA
3.04,0,0,78751,Cleared,30.51219512,VIOL CITY ORDINANCE - OTHER,16,57,0,3182,550,0.175,FALSE
4,2,0.013761784,78722,Not Cleared,35.79748732,BURGLARY OF VEHICLE,2887,19776,954,NA,NA,NA,NA
4.01,0,0,78712,Not Cleared,29.5,THEFT,7,20,0,4175,775,0.185,TRUE
5,1,0.019234468,78705,Not Cleared,23.44708611,BURGLARY OF VEHICLE,1656,7784,213,4443,960,0.215,FALSE
6,4,0.014222222,78705,Not Cleared,26.1236381,BURGLARY OF VEHICLE,5617,37892,630,NA,NA,NA,NA
6.01,0,0,78705,Cleared,26.5,DWI,1,3,0,10250.5,1490,0.145,FALSE
7,3,0.029705911,78701,Not Cleared,30.61036818,THEFT,1426,13424,334,1352.5,275,0.205,FALSE
8,15,0.033931278,78702,Not Cleared,38.27823504,FAMILY DISTURBANCE,5058,56775,4083,NA,NA,NA,NA
8.01,0,0,78702,Not Cleared,2.666666667,CRIMINAL MISCHIEF,2,4,0,1825,370,0.2,TRUE
8.02,0,0,78702,Not Cleared,317.2,CRIMINAL MISCHIEF,3,12,2,3676.5,970,0.265,TRUE
9,7,0.014238929,78702,Not Cleared,31.78260059,BURGLARY OF VEHICLE,6046,62775,2695,NA,NA,NA,NA
9.01,0,0,78702,Not Cleared,4.428571429,BURGLARY OF VEHICLE,3,8,1,2567,435,0.17,TRUE
9.02,0,0,78702,Not Cleared,31.08571429,BURGLARY OF VEHICLE,22,37,1,5569.5,1065,0.195,TRUE
10,6,0.058811998,78702,Not Cleared,35.14626419,BURGLARY OF VEHICLE,1089,13383,766,3655,640,0.175,TRUE
11,38,0.032852363,78701,Cleared,25.89379613,THEFT,15321,147000,2606,7009,1215,0.175,TRUE
12,0,0,78703,Not Cleared,24.69955687,DWI,3575,18825,321,5685,920,0.165,TRUE
13,3,0.010291242,78704,Not Cleared,36.03442922,BURGLARY OF VEHICLE,3959,39555,1904,NA,NA,NA,NA
13.03,0,0,78704,Not Cleared,45.5,BURGLARY OF VEHICLE,19,93,5,4773,820,0.17,FALSE
13.1,3,0.054318305,78704,Not Cleared,30.94331984,THEFT,819,7226,216,NA,NA,NA,NA
13.11,2,0.024467825,78704,Not Cleared,27.51153549,DWI,1962,10739,249,NA,NA,NA,NA
13.12,0,0,78704,Not Cleared,30.9068615,FAMILY DISTURBANCE,1786,19045,1123,NA,NA,NA,NA
14,5,0.029263725,78704,Not Cleared,33.78397641,BURGLARY OF VEHICLE,3360,22993,975,NA,NA,NA,NA
14.01,0,0,78704,Not Cleared,2,BURGLARY OF VEHICLE,1,2,0,3206.5,565,0.18,FALSE
15,17,0.039801461,78757,Not Cleared,30.25608117,THEFT,8025,59824,2500,NA,NA,NA,NA
15.01,0,0,78731,Cleared,61,DWI 2ND,1,1,0,5489.5,770,0.14,FALSE
15.03,0,0,78752,Not Cleared,10,THEFT BY SHOPLIFTING,1,1,0,4218,800,0.19,FALSE
15.05,0,0,78756,Not Cleared,11,CUSTODY ARREST TRAFFIC WARR,1,3,0,4721,740,0.155,FALSE
16,2,0.015086369,78703,Not Cleared,31.72159823,BURGLARY OF VEHICLE,3832,18332,476,NA,NA,NA,NA
16.03,0,0,78703,Cleared,28.8,CUSTODY ARREST TRAFFIC WARR,2,5,0,5282,590,0.11,FALSE
16.04,0,0,78703,Not Cleared,36.15217391,BURGLARY OF VEHICLE,13,49,1,4117,420,0.1,FALSE
17.06,0,0,78759,Not Cleared,27.10526316,BURGLARY OF VEHICLE,37,99,2,3916,570,0.145,FALSE
17.12,0,0,78745,Not Cleared,32.39098837,FAMILY DISTURBANCE,102,858,81,4680,900,0.195,TRUE
17.13,0,0,78745,Not Cleared,33.31484502,THEFT,80,735,21,4452,660,0.145,TRUE
17.14,0,0,78726,Not Cleared,15.25,ASSAULT W/INJURY-FAM/DATE VIOL,2,9,2,14972.5,1995,0.13,FALSE
17.19,0,0,78731,Not Cleared,10,BURGLARY OF VEHICLE,1,1,0,4172,475,0.115,FALSE
17.22,0,0,78759,Cleared,31,UNLAWFUL CARRYING WEAPON,1,1,0,3851.5,770,0.2,FALSE
17.28,0,0,78745,Cleared,50.26666667,CUSTODY ARREST TRAFFIC WARR,47,316,7,7549,1005,0.13,FALSE
17.44,0,0,78727,Not Cleared,2,BURGLARY NON RESIDENCE,1,1,0,NA,NA,NA,NA
17.45,0,0,78727,Not Cleared,35.4,BURGLARY OF VEHICLE,3,7,0,2299,360,0.155,FALSE
17.47,0,0,78748,Not Cleared,36.89485981,FAMILY DISTURBANCE,179,1060,104,6207.5,1015,0.165,FALSE
17.48,1,0.411522634,78748,Not Cleared,28.14979757,FAMILY DISTURBANCE,50,288,38,6529,845,0.125,FALSE
17.5,0,0,78749,Not Cleared,26.83333333,BURGLARY NON RESIDENCE,1,7,0,4913.5,805,0.16,TRUE
17.53,0,0,78759,Cleared,34.28571429,CUSTODY ARREST TRAFFIC WARR,2,9,0,1264.5,200,0.16,FALSE
17.54,0,0,78759,Cleared,14.5,BURGLARY OF VEHICLE,1,4,0,5015,750,0.15,FALSE
17.55,0,0,78759,Cleared,6,CUSTODY ARREST TRAFFIC WARR,1,1,0,6196,605,0.095,FALSE
17.57,0,0,78759,Not Cleared,21,BURGLARY NON RESIDENCE,1,2,0,2216,355,0.16,FALSE
17.6,0,0,78730,Not Cleared,90.33333333,BURGLARY OF RESIDENCE,2,11,0,18037.5,1955,0.11,FALSE
17.61,0,0,78730,Not Cleared,63.07692308,HARASSMENT,5,24,0,7828.5,1000,0.125,FALSE
17.65,0,0,78613,Not Cleared,77.07142857,HARASSMENT,3,16,0,14637,1515,0.1,FALSE
17.7,0,0,78739,Not Cleared,30.48275862,DWI,12,40,1,12995.5,1290,0.1,FALSE
17.72,0,0,78748,Not Cleared,38.26086957,THEFT,6,25,2,4653,540,0.115,FALSE
17.74,0,0,78748,Not Cleared,27.73684211,DWI,10,78,7,8476.5,900,0.105,FALSE
17.75,0,0,78739,Not Cleared,46.75,THEFT,9,59,0,7806.5,840,0.105,FALSE
17.86,0,0,78727,Cleared,5.333333333,DRIVING WHILE INTOX / FELONY,1,3,0,5563.5,1025,0.185,FALSE
18.04,0,0,78752,Not Cleared,13.44444444,BURGLARY OF VEHICLE,2,11,0,6773,1490,0.22,FALSE
18.06,0,0,78753,Cleared,3708,PROSTITUTION,1,1,0,7028,1315,0.19,FALSE
18.11,0,0,78754,Not Cleared,14.43877551,THEFT BY SHOPLIFTING,22,103,6,3397,740,0.22,FALSE
18.12,0,0,78752,Cleared,16.91666667,CUSTODY ARREST TRAFFIC WARR,7,28,1,8144,1945,0.235,TRUE
18.13,0,0,78753,Not Cleared,62.12041885,ASSAULT W/INJURY-FAM/DATE VIOL,20,222,27,7444.5,1675,0.225,TRUE
18.18,0,0,78758,Cleared,29.5,DWI,2,3,0,6583.5,1455,0.225,FALSE
18.2,0,0,78758,Cleared,1,POSS CONTROLLED SUB/OTHER,1,1,0,7607.5,1760,0.23,FALSE
18.22,0,0,78758,Not Cleared,59,BURGLARY OF VEHICLE,3,11,1,7016,1405,0.2,TRUE
18.23,0,0,78753,Not Cleared,24.375,DISTURBANCE - OTHER,6,47,1,7447,1595,0.215,FALSE
18.28,0,0,78759,Cleared,7.333333333,CRIMINAL MISCHIEF,1,4,0,4260,545,0.13,TRUE
18.34,0,0,78754,Not Cleared,30.18181818,DWI,3,17,1,11331.5,1855,0.165,TRUE
18.37,0,0,78754,Not Cleared,25.75,AGG ASSAULT,3,4,0,NA,NA,NA,NA
18.39,0,0,78753,Not Cleared,39.94,DWI,8,66,2,9467,1355,0.145,FALSE
18.4,0,0,78660,Not Cleared,2.5,FAMILY DISTURBANCE,2,7,0,11287,1780,0.16,FALSE
18.42,0,0,78660,Cleared,309,AGG SEXUAL ASSAULT CHILD/OBJEC,1,10,2,13209.5,2250,0.17,FALSE
18.44,0,0,78758,Cleared,1,POSS OF DRUG PARAPHERNALIA,1,1,0,4039.5,700,0.175,FALSE
18.46,0,0,78727,Not Cleared,19,BURGLARY NON RESIDENCE,1,1,0,2527,275,0.11,FALSE
18.48,0,0,78727,Cleared,13,THEFT BY SHOPLIFTING,2,3,0,5299.5,885,0.17,TRUE
18.49,0,0,78758,Cleared,20.37037037,BURGLARY OF VEHICLE,4,30,0,7940.5,1480,0.185,FALSE
18.5,0,0,78758,Not Cleared,4.5,BURGLARY OF VEHICLE,1,3,0,3752,675,0.18,TRUE
18.51,0,0,78728,Cleared,81,BURGLARY OF VEHICLE,1,2,0,9748,1730,0.175,FALSE
18.54,0,0,78653,Not Cleared,53,ASSAULT BY THREAT FAM/DATING,1,2,1,NA,NA,NA,NA
18.55,0,0,78660,Not Cleared,6,INDECENCY WITH A CHILD/CONTACT,1,1,0,NA,NA,NA,NA
18.56,0,0,78754,Not Cleared,20,THEFT,2,3,0,8965,995,0.11,FALSE
19.01,0,0,78704,Cleared,37.82793867,VIOL CITY ORDINANCE - OTHER,618,2134,7,5992.5,915,0.15,FALSE
19.08,0,0,78735,Not Cleared,30,BURGLARY OF VEHICLE,1,4,1,9347,1500,0.16,FALSE
19.1,1,0.009275577,78746,Not Cleared,30.31519293,THEFT,3407,14034,187,4724,740,0.155,FALSE
19.11,2,0.028007282,78746,Not Cleared,29.04444168,BURGLARY OF VEHICLE,1762,9117,255,3059.5,495,0.16,FALSE
19.12,0,0,78746,Not Cleared,32.8863026,BURGLARY OF VEHICLE,1023,2664,64,4160,560,0.135,FALSE
19.13,0,0,78746,Not Cleared,38.26155051,BURGLARY OF VEHICLE,248,1556,68,4867,435,0.09,FALSE
19.14,2,0.070028011,78735,Not Cleared,37.08439536,BURGLARY OF VEHICLE,924,4039,179,6562.5,835,0.13,FALSE
19.15,1,0.02347969,78735,Not Cleared,35.09240375,BURGLARY OF VEHICLE,819,5571,219,1963.5,375,0.19,FALSE
19.16,0,0,78733,Not Cleared,169.0666667,IDENTITY THEFT,4,28,1,NA,NA,NA,NA
19.17,0,0,78746,Not Cleared,28.32665576,BURGLARY OF VEHICLE,1033,2727,43,5153.5,535,0.105,FALSE
19.18,0,0,78746,Not Cleared,59.69333333,DWI,10,94,3,2531.5,325,0.125,FALSE
19.19,0,0,78746,Not Cleared,36.34125637,THEFT,125,690,18,3853,395,0.105,FALSE
19.2,1,0.019175455,78735,Not Cleared,42.10075983,FAMILY DISTURBANCE,897,7011,581,NA,NA,NA,NA
19.21,0,0,78735,Not Cleared,35.30851064,THEFT,17,134,6,NA,NA,NA,NA
19.22,0,0,78704,Not Cleared,29.07418777,BURGLARY OF VEHICLE,972,4416,120,NA,NA,NA,NA
19.23,0,0,78704,Not Cleared,32.7139894,BURGLARY OF VEHICLE,738,4974,199,NA,NA,NA,NA
20,5,0.016447909,78704,Not Cleared,30.96423097,BURGLARY OF VEHICLE,4245,41430,2766,NA,NA,NA,NA
20.02,0,0,78745,Not Cleared,38.34076433,BURGLARY OF VEHICLE,55,399,41,3433.5,465,0.135,FALSE
20.04,0,0,78704,Not Cleared,47.30526316,FAMILY DISTURBANCE,186,1182,122,2700,535,0.195,TRUE
20.05,0,0,78704,Not Cleared,37.16906946,FAMILY DISTURBANCE,139,913,88,5594,1100,0.2,TRUE
21,47,0.058774244,78723,Not Cleared,37.09260675,FAMILY DISTURBANCE,9782,106750,8280,NA,NA,NA,NA
21.05,0,0,78723,Cleared,13.8,POSS OF DRUG PARAPHERNALIA,3,12,0,5009.5,1195,0.235,TRUE
21.1,8,0.064625576,78721,Not Cleared,40.21882507,FAMILY DISTURBANCE,2125,16032,1713,4343,915,0.21,TRUE
21.11,8,0.044588117,78721,Not Cleared,36.00951315,FAMILY DISTURBANCE,2645,22950,2230,5558,1180,0.21,TRUE
21.12,4,0.02987304,78723,Not Cleared,38.70798609,FAMILY DISTURBANCE,2475,18427,2115,5467,1355,0.25,FALSE
21.13,3,0.039370079,78723,Not Cleared,41.20178008,FAMILY DISTURBANCE,1164,10524,1094,3588.5,555,0.155,TRUE
22,5,0.09375586,78724,Not Cleared,43.17772512,FAMILY DISTURBANCE,935,6959,713,NA,NA,NA,NA
22.01,0,0,78724,Cleared,26.21276596,DWI,12,57,2,2199.5,395,0.18,FALSE
22.02,0,0,78724,Not Cleared,27.42028986,FAMILY DISTURBANCE,12,80,9,9485,2145,0.225,TRUE
22.08,0,0,78724,Not Cleared,0,PROTECTIVE ORDER,1,1,0,8366,1360,0.16,TRUE
22.09,0,0,78653,Cleared,38.54545455,DWI,5,12,0,10119.5,1345,0.135,FALSE
22.11,0,0,78724,Not Cleared,38.71245247,THEFT,225,2355,216,3071.5,385,0.125,FALSE
22.12,0,0,78724,Cleared,8.8,DWI 2ND,2,7,0,1333,235,0.18,FALSE
22.13,2,0.042220815,78724,Not Cleared,42.17375162,FAMILY DISTURBANCE,834,6204,657,NA,NA,NA,NA
22.14,3,0.054436581,78724,Not Cleared,44.55984873,FAMILY DISTURBANCE,865,7021,738,NA,NA,NA,NA
22.15,0,0,78724,Not Cleared,150.6888889,CUSTODY ARREST TRAFFIC WARR,7,67,13,NA,NA,NA,NA
22.16,0,0,78725,Not Cleared,56.47244094,CUSTODY ARREST TRAFFIC WARR,23,194,25,NA,NA,NA,NA
22.17,0,0,78653,Not Cleared,73.96875,FAMILY DISTURBANCE,3,43,3,NA,NA,NA,NA
22.18,0,0,78653,Not Cleared,164.25,DEBIT CARD ABUSE,2,19,4,NA,NA,NA,NA
22.19,1,0.163934426,78724,Not Cleared,47.66060606,THEFT,106,763,26,NA,NA,NA,NA
22.2,3,0.078864353,78724,Not Cleared,31.93885904,FAMILY DISTURBANCE,732,4604,599,NA,NA,NA,NA
22.21,0,0,78724,Not Cleared,48.41391941,DWI,60,687,24,NA,NA,NA,NA
22.22,6,0.062526053,78724,Not Cleared,40.78526355,FAMILY DISTURBANCE,1963,12543,1644,NA,NA,NA,NA
23,13,0.031071488,78741,Not Cleared,33.9358106,THEFT,5087,54010,3335,NA,NA,NA,NA
23.03,0,0,78617,Cleared,10.4,CUSTODY ARREST TRAFFIC WARR,1,6,0,NA,NA,NA,NA
23.04,0,0,78741,Not Cleared,36.46754752,BURGLARY OF VEHICLE,612,4957,383,4043.5,765,0.19,FALSE
23.06,0,0,78741,Not Cleared,9.333333333,BURGLARY OF VEHICLE,2,4,0,NA,NA,NA,NA
23.07,0,0,78741,Cleared,43.55769231,DWI,13,63,1,6105.5,1295,0.21,FALSE
23.08,0,0,78704,Cleared,9.5,ASSAULT WITH INJURY,1,6,0,6540,1410,0.215,FALSE
23.1,5,0.06982265,78617,Not Cleared,40.5420795,FAMILY DISTURBANCE,1423,9676,1081,3018.5,535,0.175,TRUE
23.12,0,0,78741,Cleared,22.83088235,DWI,32,162,5,8485,1950,0.23,TRUE
23.13,4,0.036883356,78741,Not Cleared,32.14805356,FAMILY DISTURBANCE,2095,14821,1543,4574.5,995,0.22,FALSE
23.14,8,0.047326077,78741,Not Cleared,32.24771812,FAMILY DISTURBANCE,3028,22390,2260,5310,1125,0.21,FALSE
23.15,3,0.02358676,78741,Not Cleared,33.03506973,FAMILY DISTURBANCE,1629,16855,1302,2996,595,0.2,FALSE
23.16,11,0.054830027,78741,Not Cleared,32.70317454,FAMILY DISTURBANCE,2971,27098,2619,4768,1035,0.215,FALSE
23.17,0,0,78741,Cleared,37.28947368,DWI,24,124,4,6370.5,740,0.12,TRUE
23.19,0,0,78617,Not Cleared,35.84084084,ASSAULT WITH INJURY,244,2004,39,2325,620,0.27,FALSE
23.2,4,0.056625142,78741,Not Cleared,31.74328816,FAMILY DISTURBANCE,1067,8950,896,NA,NA,NA,NA
23.21,6,0.056148231,78741,Not Cleared,36.09499959,FAMILY DISTURBANCE,2132,14144,1506,NA,NA,NA,NA
23.22,2,0.017238407,78704,Not Cleared,27.38097072,THEFT,2556,14780,620,NA,NA,NA,NA
23.23,6,0.067865626,78704,Not Cleared,41.98090345,THEFT,1188,11818,780,NA,NA,NA,NA
23.24,6,0.066837474,78741,Not Cleared,29.90949483,THEFT,1329,11569,683,NA,NA,NA,NA
23.25,5,0.038364153,78741,Not Cleared,36.39436908,FAMILY DISTURBANCE,2603,16906,1995,NA,NA,NA,NA
23.26,2,0.073448402,78741,Not Cleared,31.28477218,BURGLARY OF VEHICLE,715,3692,187,NA,NA,NA,NA
23.27,2,0.026896181,78741,Not Cleared,34.41571177,BURGLARY OF VEHICLE,1303,10341,846,NA,NA,NA,NA
24,12,0.063955657,78745,Not Cleared,34.92002383,BURGLARY OF VEHICLE,2623,25289,1810,NA,NA,NA,NA
24.1,2,0.024221872,78745,Not Cleared,31.16345764,FAMILY DISTURBANCE,1692,11714,1074,4471.5,890,0.2,TRUE
24.11,6,0.035358595,78744,Not Cleared,34.36063851,BURGLARY OF VEHICLE,2546,23444,1819,7436,1495,0.2,TRUE
24.12,3,0.036044695,78744,Not Cleared,38.82903193,FAMILY DISTURBANCE,1901,11630,1365,6200.5,990,0.16,TRUE
24.13,4,0.040363269,78744,Not Cleared,34.86772578,FAMILY DISTURBANCE,2400,13790,1704,4905.5,1205,0.245,TRUE
24.15,0,0,78617,Cleared,28,DWI,1,4,0,NA,NA,NA,NA
24.16,0,0,78617,Not Cleared,59,THEFT,3,8,1,NA,NA,NA,NA
24.17,0,0,78741,Not Cleared,1.5,BURGLARY OF VEHICLE,1,3,0,NA,NA,NA,NA
24.19,2,0.014998125,78744,Not Cleared,28.88273802,FAMILY DISTURBANCE,2268,18334,1557,4889,975,0.2,TRUE
24.21,0,0,78748,Cleared,5.25,ASSAULT WITH INJURY,1,5,0,10842.5,1860,0.17,FALSE
24.22,1,0.007189073,78745,Not Cleared,28.86756523,FAMILY DISTURBANCE,2079,19303,1344,6020,875,0.145,FALSE
24.23,2,0.032743942,78748,Not Cleared,33.05948006,FAMILY DISTURBANCE,1250,8618,799,5980.5,795,0.13,TRUE
24.24,3,0.050573163,78745,Not Cleared,32.79983319,FAMILY DISTURBANCE,1157,8410,732,3878,685,0.175,TRUE
24.25,0,0,78744,Cleared,29.30555556,VOCO SOLICITATION PROHIBIT,29,51,2,4100.5,575,0.14,FALSE
24.29,0,0,78744,Not Cleared,12.5,FRAUD - OTHER,1,2,0,1622,385,0.24,FALSE
24.3,2,0.047573739,78744,Not Cleared,34.42785783,FAMILY DISTURBANCE,1009,6106,602,2633.5,410,0.155,TRUE
24.31,0,0,78744,Not Cleared,11.9,DWI,2,11,1,9420,1475,0.16,TRUE
24.32,1,0.098911968,78744,Not Cleared,37.63299351,APPLIC TO REVOKE PROBATION,310,1360,86,2947.5,455,0.155,FALSE
24.33,0,0,78617,Cleared,14.78846154,DWI,7,59,2,9324,1085,0.12,TRUE
24.34,0,0,78747,Cleared,11.33333333,DWI,6,58,2,1685.5,265,0.16,FALSE
24.35,0,0,78617,Not Cleared,81.75,FAMILY DISTURBANCE,2,5,0,8479,1190,0.145,TRUE
24.36,0,0,78719,Not Cleared,90.44186047,ASSAULT W/INJURY-FAM/DATE VIOL,11,75,16,2781.5,355,0.13,FALSE
24.37,1,0.00714643,78748,Not Cleared,26.90081881,THEFT,3457,17218,582,NA,NA,NA,NA
24.38,3,0.052475074,78748,Not Cleared,35.50497738,FAMILY DISTURBANCE,1056,7620,746,NA,NA,NA,NA
24.39,4,0.096107641,78747,Not Cleared,35.37534681,FAMILY DISTURBANCE,1101,5960,653,NA,NA,NA,NA
24.4,1,0.02644803,78747,Not Cleared,30.60252141,FAMILY DISTURBANCE,841,4857,558,NA,NA,NA,NA
24.41,4,0.037495313,78744,Not Cleared,33.08176304,FAMILY DISTURBANCE,1576,14547,1113,NA,NA,NA,NA
24.42,0,0,78744,Not Cleared,38.05561481,FAMILY DISTURBANCE,1282,7779,889,NA,NA,NA,NA
24.43,5,0.046082949,78745,Not Cleared,26.97152183,BURGLARY OF VEHICLE,2089,14074,715,NA,NA,NA,NA
24.44,2,0.020259319,78745,Not Cleared,33.17501498,THEFT,1513,13662,868,NA,NA,NA,NA
24.45,2,0.062111801,78747,Not Cleared,36.90955199,FAMILY DISTURBANCE,576,4053,393,NA,NA,NA,NA
24.46,1,0.105152471,78747,Not Cleared,35.31700801,THEFT,159,1289,76,NA,NA,NA,NA
24.47,10,0.135244793,78744,Not Cleared,38.74457143,FAMILY DISTURBANCE,1190,10119,830,NA,NA,NA,NA
24.48,12,0.117843465,78744,Not Cleared,32.06735616,BURGLARY OF VEHICLE,1489,13271,1061,NA,NA,NA,NA
24.49,0,0,78617,Not Cleared,45.499484,FAMILY DISTURBANCE,394,2251,301,NA,NA,NA,NA
24.5,0,0,78617,Not Cleared,40.58024691,THEFT,61,185,12,NA,NA,NA,NA
24.51,1,0.013065064,78744,Not Cleared,28.90073792,FAMILY DISTURBANCE,1183,9632,746,NA,NA,NA,NA
24.52,1,0.049382716,78617,Not Cleared,39.19665272,FAMILY DISTURBANCE,457,2507,302,NA,NA,NA,NA
24.53,2,0.0643915,78617,Not Cleared,36.05651398,FAMILY DISTURBANCE,662,3888,495,NA,NA,NA,NA
25,2,0.02513826,78759,Not Cleared,33.89865298,BURGLARY OF VEHICLE,1894,10623,550,5917,1075,0.18,FALSE
101,0,0,78731,Cleared,18.61363636,VIOL CITY ORDINANCE - OTHER,17,68,0,NA,NA,NA,NA
102,0,0,78731,Not Cleared,65.45454545,BURGLARY OF VEHICLE,3,17,0,NA,NA,NA,NA
108,0,0,78737,Not Cleared,20.33333333,DAMAGE CITY PROP,2,7,0,NA,NA,NA,NA
108.15,0,0,78737,Not Cleared,21,FRAUD - OTHER,2,13,0,NA,NA,NA,NA
108.16,0,0,78737,Not Cleared,123.125,IDENTITY THEFT,4,17,1,NA,NA,NA,NA
109.02,0,0,78640,Cleared,7,CUSTODY ARREST TRAFFIC WARR,1,1,0,NA,NA,NA,NA
109.08,0,0,78610,Cleared,1,CUSTODY ARREST TRAFFIC WARR,1,1,0,14251,1690,0.12,FALSE
109.11,0,0,78610,Not Cleared,10.25,CRED CARD ABUSE - OTHER,1,4,0,NA,NA,NA,NA
109.12,0,0,78652,Not Cleared,29.98275862,THEFT,9,70,6,NA,NA,NA,NA
109.13,0,0,78610,Cleared,12.31578947,CUSTODY ARREST TRAFFIC WARR,3,31,2,NA,NA,NA,NA
109.15,0,0,78610,Not Cleared,44.33333333,APPLIC TO REVOKE PROBATION,1,4,0,NA,NA,NA,NA
109.19,0,0,78640,Not Cleared,4,AGG SEXUAL ASSAULT CHILD/OBJEC,1,5,0,NA,NA,NA,NA
109.22,0,0,78610,Cleared,1288.4,APPLIC TO REVOKE PROBATION,1,7,1,NA,NA,NA,NA
109.23,0,0,78610,Cleared,652.3333333,CUSTODY ARREST TRAFFIC WARR,3,12,1,NA,NA,NA,NA
201,0,0,78756,Cleared,127.25,BURGLARY NON RESIDENCE,1,6,0,NA,NA,NA,NA
203,0,0,78751,Cleared,36.4893617,THEFT,11,62,0,NA,NA,NA,NA
203.08,0,0,78613,Cleared,22,DWI,1,2,0,NA,NA,NA,NA
203.1,0,0,78681,Cleared,20,CRIMINAL MISCHIEF,2,11,0,NA,NA,NA,NA
203.11,1,0.016567263,78717,Not Cleared,35.02843602,THEFT,1204,7479,455,6685,985,0.15,FALSE
203.13,0,0,78613,Ongoing,399,IDENTITY THEFT,1,1,0,NA,NA,NA,NA
203.19,0,0,78641,Not Cleared,2,DAMAGE CITY PROP,1,1,0,NA,NA,NA,NA
203.21,0,0,78641,Not Cleared,66,EXPLOSIVE ORDNANCE DISPOSAL,2,3,1,NA,NA,NA,NA
203.23,0,0,78641,Not Cleared,241.4,EXPLOSIVE ORDNANCE DISPOSAL,2,6,1,NA,NA,NA,NA
203.25,0,0,78613,Not Cleared,13.33333333,APPLIC TO REVOKE PROBATION,1,4,0,NA,NA,NA,NA
203.27,0,0,78613,Cleared,155.6,EXPLOSIVE ORDNANCE DISPOSAL,4,11,0,NA,NA,NA,NA
203.33,0,0,78613,Not Cleared,28.11428571,DWI,12,77,4,NA,NA,NA,NA
203.34,1,0.014486455,78613,Not Cleared,31.16326531,THEFT BY SHOPLIFTING,2317,8594,198,NA,NA,NA,NA
203.35,0,0,78613,Not Cleared,15,CRIMINAL MISCHIEF,1,4,0,NA,NA,NA,NA
203.36,0,0,78613,Not Cleared,142.6666667,CRIMINAL MISCHIEF,4,14,1,NA,NA,NA,NA
203.37,0,0,78613,Not Cleared,314,EXPLOSIVE ORDNANCE DISPOSAL,3,4,0,NA,NA,NA,NA
203.39,0,0,78641,Not Cleared,18,EXPLOSIVE ORDNANCE DISPOSAL,1,2,0,NA,NA,NA,NA
203.41,0,0,78641,Cleared,0,DAMAGE CITY VEHICLE,1,3,0,NA,NA,NA,NA
203.45,0,0,78613,Not Cleared,62.33333333,DAMAGE CITY PROP,2,13,0,NA,NA,NA,NA
203.46,0,0,78613,Ongoing,376.5,CRIMINAL MISCHIEF,1,4,0,NA,NA,NA,NA
203.47,0,0,78613,Cleared,97.7,DAMAGE CITY PROP,2,16,1,NA,NA,NA,NA
203.48,0,0,78613,Not Cleared,35,ASSAULT W/INJURY-FAM/DATE VIOL,1,6,1,NA,NA,NA,NA
203.49,0,0,78613,Not Cleared,147.375,EXPLOSIVE ORDNANCE DISPOSAL,7,13,1,NA,NA,NA,NA
203.51,0,0,78641,Cleared,25,AUTO THEFT,1,2,0,NA,NA,NA,NA
203.52,0,0,78613,Cleared,53.5,AGG ASLT STRANGLE/SUFFOCATE,1,13,3,NA,NA,NA,NA
203.53,0,0,78613,Not Cleared,62,AGG ASSAULT WITH MOTOR VEH,1,6,0,NA,NA,NA,NA
203.55,0,0,78613,Not Cleared,182.6666667,CUSTODY ARREST TRAFFIC WARR,1,7,0,NA,NA,NA,NA
203.56,0,0,78613,Not Cleared,34.56321839,FAMILY DISTURBANCE,53,306,29,NA,NA,NA,NA
204,4,0.012660231,78729,Not Cleared,35.86901504,FAMILY DISTURBANCE,4890,39050,2879,NA,NA,NA,NA
204.1,0,0,78729,Not Cleared,44.53404045,FAMILY DISTURBANCE,556,4704,299,5364,775,0.14,FALSE
204.11,0,0,78729,Not Cleared,34.66946779,THEFT,44,463,21,5325.5,685,0.13,FALSE
205,0,0,78717,Not Cleared,39.40968784,FAMILY DISTURBANCE,807,5382,467,NA,NA,NA,NA
205.03,0,0,78717,Cleared,3,DWI,2,3,0,5814,660,0.115,FALSE
205.04,0,0,78681,Cleared,21,DWI  .15 BAC OR ABOVE,1,2,0,NA,NA,NA,NA
205.05,0,0,78681,Cleared,7,POSS OF DRUG PARAPHERNALIA,1,1,0,NA,NA,NA,NA
205.11,0,0,78681,Not Cleared,205,CHILD CUSTODY INTERFERE,2,13,3,NA,NA,NA,NA
205.12,0,0,78681,Not Cleared,56,CRIMINAL MISCHIEF,2,20,2,NA,NA,NA,NA
205.13,0,0,78728,Not Cleared,15.16666667,THEFT,4,34,2,NA,NA,NA,NA
205.14,0,0,78681,Not Cleared,34.33333333,ASSAULT W/INJURY-FAM/DATE VIOL,1,4,2,NA,NA,NA,NA
205.15,0,0,78681,Not Cleared,12.33333333,ASSAULT W/INJURY-FAM/DATE VIOL,2,6,2,NA,NA,NA,NA
205.16,0,0,78717,Not Cleared,34.88569079,FAMILY DISTURBANCE,183,1397,84,NA,NA,NA,NA
205.17,0,0,78717,Not Cleared,55.83783784,FAMILY DISTURBANCE,18,139,11,NA,NA,NA,NA
206,0,0,78681,Not Cleared,93.16666667,EXPLOSIVE ORDNANCE DISPOSAL,8,46,2,NA,NA,NA,NA
207,0,0,78664,Not Cleared,38.5,BURGLARY OF VEHICLE,18,153,14,NA,NA,NA,NA
207.03,0,0,78664,Not Cleared,106,VIOL OF PROTECTIVE ORDER,2,2,2,NA,NA,NA,NA
207.1,0,0,78664,Not Cleared,46,DAMAGE CITY PROP,2,9,1,NA,NA,NA,NA
207.11,0,0,78665,Not Cleared,189,AGG RAPE OF A CHILD,1,3,2,NA,NA,NA,NA
207.12,0,0,78664,Not Cleared,22.33333333,BURGLARY OF RESIDENCE,1,6,0,NA,NA,NA,NA
207.13,0,0,78664,Not Cleared,21,DWI,1,4,0,NA,NA,NA,NA
208.14,0,0,78664,Not Cleared,109,EXPLOSIVE ORDNANCE DISPOSAL,1,1,0,NA,NA,NA,NA
215,0,0,78664,Not Cleared,61.85714286,EXPLOSIVE ORDNANCE DISPOSAL,3,23,2,NA,NA,NA,NA
215.13,0,0,78665,Not Cleared,437.3333333,EXPLOSIVE ORDNANCE DISPOSAL,4,15,1,NA,NA,NA,NA
215.17,0,0,78664,Not Cleared,17.33333333,THEFT,2,6,1,NA,NA,NA,NA
300,1,0.031806616,78731,Not Cleared,38.07371007,BURGLARY OF VEHICLE,1075,4124,107,NA,NA,NA,NA
301,1,0.033647376,78759,Not Cleared,39.76961603,BURGLARY OF VEHICLE,845,4169,196,NA,NA,NA,NA
302,4,0.086486486,78759,Not Cleared,41.20892102,BURGLARY OF VEHICLE,1157,6521,312,NA,NA,NA,NA
303,1,0.012103607,78745,Not Cleared,34.16024781,THEFT,1269,11505,645,NA,NA,NA,NA
304,0,0,78745,Not Cleared,31.91276491,FAMILY DISTURBANCE,929,7232,584,NA,NA,NA,NA
305,2,0.060150376,78750,Not Cleared,38.63380282,BURGLARY OF VEHICLE,1002,4319,214,NA,NA,NA,NA
306,2,0.040338846,78731,Not Cleared,32.83849304,BURGLARY OF VEHICLE,1249,6961,276,NA,NA,NA,NA
307,1,0.05186722,78731,Not Cleared,41.73168654,BURGLARY OF VEHICLE,575,2649,83,NA,NA,NA,NA
308,4,0.046849379,78759,Not Cleared,33.94318072,BURGLARY OF VEHICLE,2654,11748,376,NA,NA,NA,NA
309,5,0.066225166,78745,Not Cleared,38.83073349,FAMILY DISTURBANCE,1545,10845,862,NA,NA,NA,NA
310,1,0.018695083,78745,Not Cleared,36.84881008,FAMILY DISTURBANCE,970,7693,588,NA,NA,NA,NA
311,0,0,78737,Not Cleared,88.91666667,THEFT,22,213,16,NA,NA,NA,NA
312,0,0,78749,Not Cleared,33.29142336,BURGLARY OF VEHICLE,1154,6311,349,NA,NA,NA,NA
313,0,0,78749,Not Cleared,37.68969697,BURGLARY OF VEHICLE,569,3886,223,NA,NA,NA,NA
314,0,0,78734,Not Cleared,230.2,EXPLOSIVE ORDNANCE DISPOSAL,7,35,4,NA,NA,NA,NA
315,0,0,78734,Not Cleared,66.25806452,THEFT,5,53,4,NA,NA,NA,NA
316,1,0.035211268,78727,Not Cleared,42.99146862,FAMILY DISTURBANCE,505,3865,317,NA,NA,NA,NA
317,0,0,78748,Not Cleared,34.81517971,FAMILY DISTURBANCE,798,6451,466,NA,NA,NA,NA
318,1,0.013633265,78748,Not Cleared,36.5335834,FAMILY DISTURBANCE,1462,10151,864,NA,NA,NA,NA
319,0,0,78748,Not Cleared,35.40060756,FAMILY DISTURBANCE,816,6180,556,NA,NA,NA,NA
320,4,0.055983205,78749,Not Cleared,33.49858624,THEFT,1396,9897,577,NA,NA,NA,NA
321,2,0.024697456,78745,Not Cleared,35.29604167,THEFT,1668,11299,601,NA,NA,NA,NA
322,0,0,78731,Not Cleared,34.66547534,BURGLARY OF VEHICLE,249,1579,62,NA,NA,NA,NA
323,0,0,78731,Not Cleared,34.8897045,BURGLARY OF VEHICLE,1055,6124,453,NA,NA,NA,NA
324,0,0,78759,Not Cleared,29.8244029,BURGLARY OF VEHICLE,3597,12400,222,NA,NA,NA,NA
325,0,0,78759,Not Cleared,32.24698618,BURGLARY OF VEHICLE,2516,11621,543,NA,NA,NA,NA
326,1,0.070323488,78759,Not Cleared,42.29263045,BURGLARY OF VEHICLE,400,2128,79,NA,NA,NA,NA
327,1,0.0331785,78759,Not Cleared,31.1494376,BURGLARY OF VEHICLE,647,4304,245,NA,NA,NA,NA
328,0,0,78759,Not Cleared,49.81100266,BURGLARY OF VEHICLE,258,1267,47,NA,NA,NA,NA
329,0,0,78730,Not Cleared,36.51908697,BURGLARY OF VEHICLE,507,2916,204,NA,NA,NA,NA
330,0,0,78736,Not Cleared,39.70427833,BURGLARY OF VEHICLE,621,4972,352,NA,NA,NA,NA
331,0,0,78734,Not Cleared,208.2857143,EXPLOSIVE ORDNANCE DISPOSAL,3,11,1,NA,NA,NA,NA
332,2,0.116482236,78748,Not Cleared,42.76293996,FAMILY DISTURBANCE,397,2302,266,NA,NA,NA,NA
333,0,0,78739,Not Cleared,28.0094518,BURGLARY OF VEHICLE,186,1176,49,NA,NA,NA,NA
334,1,0.031806616,78749,Not Cleared,36.16074766,BURGLARY OF VEHICLE,598,4425,298,NA,NA,NA,NA
335,4,0.102432778,78749,Not Cleared,35.87210265,BURGLARY OF VEHICLE,821,5765,471,NA,NA,NA,NA
336,0,0,78734,Not Cleared,63.8,EXPLOSIVE ORDNANCE DISPOSAL,2,11,1,NA,NA,NA,NA
337,0,0,78750,Not Cleared,35.41157025,BURGLARY OF VEHICLE,187,1368,44,NA,NA,NA,NA
338,1,0.060753341,78750,Not Cleared,43.38174869,BURGLARY OF VEHICLE,322,2441,137,NA,NA,NA,NA
339,0,0,78733,Not Cleared,47.91156463,CRIMINAL MISCHIEF,23,222,4,NA,NA,NA,NA
340,0,0,78738,Not Cleared,121.5333333,IDENTITY THEFT,3,30,3,NA,NA,NA,NA
341,1,0.023057413,78727,Not Cleared,41.92457887,FAMILY DISTURBANCE,717,5981,432,NA,NA,NA,NA
342,2,0.048709206,78727,Not Cleared,40.73334696,BURGLARY OF VEHICLE,879,5599,373,NA,NA,NA,NA
343,0,0,78750,Not Cleared,47.74567164,CRIMINAL MISCHIEF,254,1921,90,NA,NA,NA,NA
344,1,0.036297641,78726,Not Cleared,37.6794368,FAMILY DISTURBANCE,616,3565,343,NA,NA,NA,NA
345,0,0,78726,Not Cleared,41.20622568,FAMILY DISTURBANCE,70,587,38,NA,NA,NA,NA
346,1,0.023457659,78726,Not Cleared,39.304754,FAMILY DISTURBANCE,864,5568,514,NA,NA,NA,NA
347,0,0,78749,Not Cleared,40.25282663,BURGLARY OF VEHICLE,547,3681,212,NA,NA,NA,NA
348,0,0,78749,Not Cleared,31.74933095,BURGLARY OF VEHICLE,737,3797,143,NA,NA,NA,NA
349,0,0,78732,Not Cleared,154.5263158,HARASSMENT,6,40,0,NA,NA,NA,NA
350,0,0,78730,Not Cleared,58.62282398,THEFT,78,590,22,NA,NA,NA,NA
351,0,0,78732,Not Cleared,45.29090909,THEFT,17,79,2,NA,NA,NA,NA
354,0,0,78738,Not Cleared,11,ASSAULT W/INJURY-FAM/DATE VIOL,1,1,1,NA,NA,NA,NA
355,0,0,78613,Cleared,13,FRAUD - OTHER,1,2,0,NA,NA,NA,NA
356,0,0,78641,Cleared,67.5,AGG ASLT STRANGLE/SUFFOCATE,1,6,1,NA,NA,NA,NA
357,0,0,78613,Ongoing,36,BURGLARY OF RESIDENCE,1,3,1,NA,NA,NA,NA
358,0,0,78726,Not Cleared,43.72150735,FAMILY DISTURBANCE,278,2559,166,NA,NA,NA,NA
361,0,0,78613,Not Cleared,66,ASSAULT BY CONTACT,1,3,1,NA,NA,NA,NA
365,0,0,78738,Ongoing,211,CRIMINAL SOLICITATION OF MINOR,1,1,0,NA,NA,NA,NA
366,0,0,78736,Cleared,143.4333333,HARASSMENT,5,55,5,NA,NA,NA,NA
367,1,0.056850483,78739,Not Cleared,36.04468085,BURGLARY OF VEHICLE,411,2668,158,NA,NA,NA,NA
368,0,0,78739,Not Cleared,37.25873732,BURGLARY OF VEHICLE,441,2003,78,NA,NA,NA,NA
369,0,0,78738,Not Cleared,56.5,IDENTITY THEFT,2,6,1,NA,NA,NA,NA
370,0,0,78738,Not Cleared,152.5,EXPLOSIVE ORDNANCE DISPOSAL,2,15,2,NA,NA,NA,NA
371,0,0,78748,Not Cleared,59.02290076,BURGLARY OF VEHICLE,72,614,42,NA,NA,NA,NA
372,0,0,78748,Not Cleared,37.88247545,FAMILY DISTURBANCE,600,3935,365,NA,NA,NA,NA
376,0,0,78645,Not Cleared,13.45454545,ASSAULT BY CONTACT,1,14,1,NA,NA,NA,NA
400,16,0.080897967,78752,Not Cleared,33.57729258,BURGLARY OF VEHICLE,2997,27238,2086,NA,NA,NA,NA
401,10,0.065772165,78758,Not Cleared,36.79150579,FAMILY DISTURBANCE,1898,20802,1577,NA,NA,NA,NA
402,10,0.105518624,78752,Not Cleared,35.58852584,FAMILY DISTURBANCE,1290,12503,1152,NA,NA,NA,NA
403,9,0.037562604,78753,Not Cleared,37.56972505,THEFT,4789,30631,2015,NA,NA,NA,NA
404,1,0.010945709,78757,Not Cleared,33.23667227,BURGLARY OF VEHICLE,2461,12869,496,NA,NA,NA,NA
405,5,0.034647634,78757,Not Cleared,36.22002213,BURGLARY OF VEHICLE,2775,19756,1268,NA,NA,NA,NA
406,5,0.034587714,78758,Not Cleared,29.7105698,THEFT,2155,19150,1309,NA,NA,NA,NA
407,16,0.079082641,78758,Not Cleared,36.12024776,FAMILY DISTURBANCE,3439,27903,3177,NA,NA,NA,NA
408,4,0.039204156,78758,Not Cleared,37.55898995,FAMILY DISTURBANCE,1646,13926,1267,NA,NA,NA,NA
409,9,0.053744178,78758,Not Cleared,34.59691719,FAMILY DISTURBANCE,2539,23360,2176,NA,NA,NA,NA
410,10,0.044577185,78753,Not Cleared,36.00243642,FAMILY DISTURBANCE,3007,31032,2555,NA,NA,NA,NA
411,4,0.102327961,78753,Not Cleared,35.36211084,FAMILY DISTURBANCE,551,5438,353,NA,NA,NA,NA
412,3,0.043115838,78753,Not Cleared,33.31936435,BURGLARY OF VEHICLE,1619,9140,597,NA,NA,NA,NA
413,0,0,78727,Not Cleared,36.55621637,BURGLARY OF VEHICLE,570,4115,281,NA,NA,NA,NA
414,0,0,78759,Not Cleared,41.53013877,BURGLARY OF VEHICLE,602,5423,379,NA,NA,NA,NA
415,1,0.024402147,78753,Not Cleared,39.83454027,FAMILY DISTURBANCE,791,5488,574,NA,NA,NA,NA
416,9,0.061108093,78753,Not Cleared,40.61698483,FAMILY DISTURBANCE,1807,19666,1613,NA,NA,NA,NA
417,0,0,78758,Not Cleared,36.87843518,FAMILY DISTURBANCE,513,3660,332,NA,NA,NA,NA
418,2,0.038557933,78758,Not Cleared,35.57095185,FAMILY DISTURBANCE,1130,7382,783,NA,NA,NA,NA
419,3,0.067827267,78758,Not Cleared,34.37557165,BURGLARY OF VEHICLE,665,6116,409,NA,NA,NA,NA
420,1,0.065876153,78727,Not Cleared,36.95382883,BURGLARY OF VEHICLE,243,2105,116,NA,NA,NA,NA
421,3,0.02556455,78727,Not Cleared,34.95958843,THEFT,2441,15581,754,NA,NA,NA,NA
422,1,0.011097547,78758,Not Cleared,37.68506185,FAMILY DISTURBANCE,1315,12460,881,NA,NA,NA,NA
423,0,0,78728,Not Cleared,48.67857143,CRIMINAL MISCHIEF,5,53,4,NA,NA,NA,NA
424,2,0.058875478,78754,Not Cleared,41.50671835,BURGLARY OF VEHICLE,652,4502,399,NA,NA,NA,NA
425,0,0,78660,Not Cleared,622,POSS OF FIREARM BY FELON,1,2,0,NA,NA,NA,NA
426,0,0,78660,Not Cleared,151.6666667,CHILD CUSTODY INTERFERE,2,14,1,NA,NA,NA,NA
427,0,0,78660,Not Cleared,493.6,BURGLARY OF VEHICLE,2,16,2,NA,NA,NA,NA
428,0,0,78660,Cleared,62.22222222,POSSESSION OF MARIJUANA,4,36,3,NA,NA,NA,NA
429,1,0.220264317,78728,Not Cleared,44.46285714,THEFT,84,685,30,NA,NA,NA,NA
430,0,0,78728,Not Cleared,34.23051948,THEFT,49,402,14,NA,NA,NA,NA
431,8,0.070028011,78753,Not Cleared,38.83599475,FAMILY DISTURBANCE,1403,15671,1254,NA,NA,NA,NA
432,12,0.081788441,78753,Not Cleared,36.29459609,FAMILY DISTURBANCE,2159,19696,1733,NA,NA,NA,NA
433,6,0.049468217,78752,Not Cleared,37.52883418,FAMILY DISTURBANCE,1454,16666,1340,NA,NA,NA,NA
434,2,0.01594642,78752,Not Cleared,35.38237959,BURGLARY OF VEHICLE,2559,17219,1294,NA,NA,NA,NA
435,2,0.033123551,78754,Not Cleared,37.88942731,BURGLARY OF VEHICLE,1063,8014,734,NA,NA,NA,NA
436,3,0.039333945,78754,Not Cleared,51.7033504,BURGLARY OF VEHICLE,1240,10525,668,NA,NA,NA,NA
437,0,0,78753,Not Cleared,42.20386007,FAMILY DISTURBANCE,748,4994,546,NA,NA,NA,NA
438,2,0.052994171,78753,Not Cleared,45.37013132,FAMILY DISTURBANCE,682,5341,526,NA,NA,NA,NA
439,2,0.017047392,78753,Not Cleared,37.83229718,THEFT,2511,15213,813,NA,NA,NA,NA
440,2,0.030229746,78753,Not Cleared,39.85077343,BURGLARY OF VEHICLE,1318,9009,562,NA,NA,NA,NA
441,4,0.248601616,78660,Not Cleared,36.46350763,THEFT BY SHOPLIFTING,459,2108,101,NA,NA,NA,NA
442,0,0,78660,Not Cleared,30.85846401,FAMILY DISTURBANCE,333,2946,274,NA,NA,NA,NA
443,0,0,78660,Not Cleared,40.01699346,CRIMINAL MISCHIEF,70,935,63,NA,NA,NA,NA
444,0,0,78660,Not Cleared,70.44444444,THEFT BY SHOPLIFTING,21,47,0,NA,NA,NA,NA
445,0,0,78660,Not Cleared,51.14285714,DWI,3,36,4,NA,NA,NA,NA
446,0,0,78660,Not Cleared,59.82926829,FAMILY DISTURBANCE,16,109,22,NA,NA,NA,NA
447,0,0,78660,Not Cleared,67.44444444,CUSTODY ARREST TRAFFIC WARR,3,33,1,NA,NA,NA,NA
448,0,0,78660,Not Cleared,140.9230769,CUSTODY ARREST TRAFFIC WARR,2,20,1,NA,NA,NA,NA
449,1,0.03022061,78754,Not Cleared,41.56096849,FAMILY DISTURBANCE,572,4131,445,NA,NA,NA,NA
450,1,0.09310987,78754,Not Cleared,37.01052632,FAMILY DISTURBANCE,190,1464,137,NA,NA,NA,NA
451,0,0,78727,Not Cleared,37.68912338,FAMILY DISTURBANCE,607,4286,433,NA,NA,NA,NA
452,1,0.033478406,78727,Not Cleared,35.61772777,FAMILY DISTURBANCE,632,4268,345,NA,NA,NA,NA
453,2,0.027326137,78758,Not Cleared,34.7937034,BURGLARY OF VEHICLE,1433,9670,642,NA,NA,NA,NA
454,2,0.013063357,78758,Not Cleared,29.43235013,BURGLARY OF VEHICLE,3318,18667,632,NA,NA,NA,NA
455,0,0,78728,Not Cleared,105.9117647,HARASSMENT,15,84,4,NA,NA,NA,NA
456,0,0,78728,Not Cleared,222.175,IDENTITY THEFT,10,71,7,NA,NA,NA,NA
457,0,0,78728,Not Cleared,70.64341085,DWI,18,163,14,NA,NA,NA,NA
458,0,0,78653,Cleared,228,POSS SYNTHETIC MARIJUANA,1,1,0,NA,NA,NA,NA
459,0,0,78653,Not Cleared,47.66666667,CUSTODY ARREST TRAFFIC WARR,2,19,3,NA,NA,NA,NA
460,0,0,78660,Cleared,9,ASSAULT W/INJURY-FAM/DATE VIOL,1,8,1,NA,NA,NA,NA
461,0,0,78660,Cleared,3,DAMAGE CITY VEHICLE,1,3,0,NA,NA,NA,NA
462,0,0,78660,Not Cleared,370.6,EXPLOSIVE ORDNANCE DISPOSAL,2,14,3,NA,NA,NA,NA
463,0,0,78660,Not Cleared,18,EXPLOSIVE ORDNANCE DISPOSAL,3,7,0,NA,NA,NA,NA
464,0,0,78664,Not Cleared,16.125,CRIMINAL MISCHIEF,3,13,2,NA,NA,NA,NA
465,0,0,78660,Not Cleared,34.47155689,BURGLARY OF VEHICLE,726,2357,53,NA,NA,NA,NA
467,0,0,78660,Not Cleared,38,DAMAGE CITY PROP,2,4,0,NA,NA,NA,NA
469,0,0,78660,Not Cleared,13.5,ASSAULT W/INJURY-FAM/DATE VIOL,2,12,3,NA,NA,NA,NA
470,0,0,78660,Not Cleared,42,AGG ASLT STRANGLE/SUFFOCATE,1,9,1,NA,NA,NA,NA
500,0,0,78705,Cleared,17.08333333,BURGLARY OF VEHICLE,5,13,1,NA,NA,NA,NA
601,0,0,78705,Cleared,21.8,BURGLARY NON RESIDENCE,2,12,0,NA,NA,NA,NA
603,0,0,78705,Not Cleared,33.57142857,BURGLARY OF VEHICLE,3,9,0,NA,NA,NA,NA
604,0,0,78701,Not Cleared,42.24475524,CRIMINAL TRESPASS/TRANSIENT,28,174,1,NA,NA,NA,NA
700,0,0,78701,Cleared,26.03560831,CRIMINAL TRESPASS/TRANSIENT,59,420,4,NA,NA,NA,NA
801,0,0,78702,Not Cleared,6.5,DISTURBANCE - OTHER,2,5,0,NA,NA,NA,NA
802,0,0,78702,Cleared,69.72727273,BURGLARY OF VEHICLE,5,54,3,NA,NA,NA,NA
803,0,0,78702,Cleared,40.21799308,CRIMINAL TRESPASS,60,679,23,NA,NA,NA,NA
804,0,0,78702,Cleared,60.56410256,CUSTODY ARREST TRAFFIC WARR,6,52,1,NA,NA,NA,NA
901,0,0,78701,Cleared,18.84210526,BURGLARY OF VEHICLE,8,20,1,NA,NA,NA,NA
902,0,0,78702,Cleared,31.91578947,BURGLARY OF VEHICLE,34,223,2,NA,NA,NA,NA
1000,0,0,78702,Cleared,31.00724638,VIOL OF PARK CURFEW,26,179,2,NA,NA,NA,NA
1100,0,0,78701,Cleared,27.0698296,URINATING IN PUBLIC PLACE,411,4119,28,NA,NA,NA,NA
1200,0,0,78703,Cleared,26.22727273,DWI,17,73,1,NA,NA,NA,NA
1303,0,0,78704,Cleared,38.50777202,DWI,80,512,13,NA,NA,NA,NA
1304,0,0,78704,Ongoing,23,THEFT,3,4,0,NA,NA,NA,NA
1305,0,0,78704,Cleared,48.53061224,BURGLARY OF VEHICLE,18,59,0,NA,NA,NA,NA
1307,1,1.219512195,78704,Not Cleared,45.8203125,FAMILY DISTURBANCE,23,158,12,NA,NA,NA,NA
1308,0,0,78704,Cleared,37.54761905,DWI,19,113,3,NA,NA,NA,NA
1401,0,0,78704,Cleared,9,CRIMINAL MISCHIEF,1,3,0,NA,NA,NA,NA
1402,0,0,78704,Cleared,53.30612245,DWI,26,128,1,NA,NA,NA,NA
1403,0,0,78741,Cleared,37.82517483,DWI,30,172,3,NA,NA,NA,NA
1501,0,0,78757,Not Cleared,38.54651163,THEFT,34,114,1,NA,NA,NA,NA
1503,0,0,78751,Cleared,16.04166667,DWI,9,94,3,NA,NA,NA,NA
1504,0,0,78757,Cleared,17.98076923,DWI,13,77,1,NA,NA,NA,NA
1505,0,0,78757,Cleared,2,DUI - AGE 17 TO 20,1,1,0,NA,NA,NA,NA
1602,0,0,78703,Not Cleared,18.56,BURGLARY OF VEHICLE,17,30,1,NA,NA,NA,NA
1603,0,0,78703,Cleared,141.4,DWI,6,16,0,NA,NA,NA,NA
1604,0,0,78703,Not Cleared,31.55172414,BURGLARY OF VEHICLE,15,33,0,NA,NA,NA,NA
1605,0,0,78703,Cleared,34.6,DAMAGE CITY PROP,3,17,0,NA,NA,NA,NA
1705,0,0,78731,Cleared,42.20168067,CUSTODY ARREST TRAFFIC WARR,24,148,1,NA,NA,NA,NA
1706,0,0,78759,Cleared,43.62745098,BURGLARY OF VEHICLE,27,119,3,NA,NA,NA,NA
1707,0,0,78759,Cleared,29.03225806,BURGLARY NON RESIDENCE,14,75,3,NA,NA,NA,NA
1712,0,0,78745,Cleared,39.12295082,THEFT,28,168,1,NA,NA,NA,NA
1713,0,0,78745,Not Cleared,152,FAMILY DISTURBANCE,2,8,0,NA,NA,NA,NA
1714,0,0,78726,Cleared,35.09433962,DWI,9,84,3,NA,NA,NA,NA
1715,0,0,78750,Not Cleared,31.8,BURGLARY OF VEHICLE,3,16,0,NA,NA,NA,NA
1716,0,0,78731,Cleared,46.44339623,BURGLARY OF VEHICLE,18,138,2,NA,NA,NA,NA
1718,0,0,78731,Cleared,24.9375,BURGLARY OF VEHICLE,4,21,0,NA,NA,NA,NA
1719,0,0,78731,Cleared,30.66666667,BURGLARY OF VEHICLE,19,75,1,NA,NA,NA,NA
1722,0,0,78759,Not Cleared,47.796875,BURGLARY OF VEHICLE,25,95,1,NA,NA,NA,NA
1728,0,0,78745,Not Cleared,45.97368421,FAMILY DISTURBANCE,34,153,21,NA,NA,NA,NA
1729,0,0,78745,Ongoing,8,DWI,1,2,0,NA,NA,NA,NA
1732,0,0,78748,Not Cleared,41.60869565,CRIMINAL MISCHIEF,6,24,3,NA,NA,NA,NA
1733,0,0,78736,Ongoing,130.5,CRUELTY TO ANIMALS,1,2,0,NA,NA,NA,NA
1737,0,0,78736,Cleared,35.57541899,THEFT,24,236,8,NA,NA,NA,NA
1738,0,0,NA,Cleared,19.9375,DWI,5,25,0,NA,NA,NA,NA
1739,0,0,NA,Cleared,28.47826087,DWI,10,55,4,NA,NA,NA,NA
1743,0,0,78733,Cleared,29.33333333,POSS OF DRUG PARAPHERNALIA,2,6,0,NA,NA,NA,NA
1744,0,0,78759,Cleared,42.50537634,CUSTODY ARREST TRAFFIC WARR,18,128,3,NA,NA,NA,NA
1745,0,0,78759,Cleared,23.43478261,DWI,10,35,0,NA,NA,NA,NA
1747,0,0,78748,Ongoing,30,ASSAULT WITH INJURY,1,3,0,NA,NA,NA,NA
1748,0,0,78748,Ongoing,56.47619048,CRIMINAL MISCHIEF,6,29,3,NA,NA,NA,NA
1749,0,0,78735,Cleared,45.62142857,DWI,32,188,8,NA,NA,NA,NA
1750,0,0,78735,Not Cleared,59.3943662,THEFT,69,282,4,NA,NA,NA,NA
1751,0,0,78759,Not Cleared,29.90909091,BURGLARY OF VEHICLE,12,59,0,NA,NA,NA,NA
1752,0,0,78731,Cleared,34.24242424,VOCO SOLICITATION PROHIBIT,6,40,2,NA,NA,NA,NA
1753,0,0,78759,Cleared,59.85583524,BURGLARY OF VEHICLE,111,536,12,NA,NA,NA,NA
1754,0,0,78759,Cleared,32.67857143,THEFT,12,118,4,NA,NA,NA,NA
1755,0,0,78731,Cleared,27.13432836,BURGLARY OF VEHICLE,27,82,1,NA,NA,NA,NA
1756,0,0,78759,Not Cleared,44,BURGLARY OF VEHICLE,7,27,0,NA,NA,NA,NA
1757,0,0,78759,Not Cleared,51.51010101,BURGLARY OF VEHICLE,102,235,3,NA,NA,NA,NA
1759,0,0,78759,Cleared,48.57894737,CUSTODY ARREST TRAFFIC WARR,10,57,0,NA,NA,NA,NA
1760,0,0,78732,Not Cleared,25.5,THEFT,2,4,0,NA,NA,NA,NA
1761,0,0,78731,Cleared,22.125,BURGLARY OF VEHICLE,2,12,0,NA,NA,NA,NA
1764,0,0,78669,Not Cleared,6,PROTECTIVE ORDER,2,7,0,NA,NA,NA,NA
1765,0,0,78726,Not Cleared,35.875,DWI,3,14,1,NA,NA,NA,NA
1766,0,0,78641,Not Cleared,64,EXPLOSIVE ORDNANCE DISPOSAL,3,7,2,NA,NA,NA,NA
1767,0,0,78645,Ongoing,17.2,THEFT,3,16,0,NA,NA,NA,NA
1768,0,0,78736,Not Cleared,36.5,PROTECTIVE ORDER,2,4,0,NA,NA,NA,NA
1769,0,0,78735,Cleared,24.69230769,DISTURBANCE - OTHER,3,24,0,NA,NA,NA,NA
1804,0,0,78752,Cleared,33.87723785,DWI,67,539,27,NA,NA,NA,NA
1805,0,0,78753,Cleared,41.05263158,DWI,55,308,14,NA,NA,NA,NA
1806,0,0,78753,Cleared,45.74439462,VIOL CITY ORDINANCE - OTHER,60,316,8,NA,NA,NA,NA
1811,0,0,78752,Cleared,61.912,DWI,29,179,10,NA,NA,NA,NA
1812,0,0,78752,Cleared,45.84042553,DWI,19,122,2,NA,NA,NA,NA
1813,1,0.306748466,78753,Cleared,42.55992844,FAMILY DISTURBANCE,74,709,84,NA,NA,NA,NA
1817,0,0,78757,Not Cleared,70.09219858,BURGLARY OF VEHICLE,41,194,4,NA,NA,NA,NA
1818,0,0,78758,Not Cleared,32.12359551,BURGLARY OF VEHICLE,16,137,9,NA,NA,NA,NA
1819,0,0,78758,Cleared,26.36363636,ASSAULT W/INJURY-FAM/DATE VIOL,1,13,1,NA,NA,NA,NA
1820,0,0,78758,Cleared,34.84090909,CUSTODY ARREST TRAFFIC WARR,8,60,6,NA,NA,NA,NA
1821,0,0,78758,Not Cleared,42.28571429,FAMILY DISTURBANCE,15,95,13,NA,NA,NA,NA
1822,0,0,78758,Cleared,27,VOCO AMPLIFIED MUSIC/VEHICLE,1,1,0,NA,NA,NA,NA
1823,0,0,78753,Cleared,152.1,BURGLARY NON RESIDENCE,5,49,0,NA,NA,NA,NA
1824,0,0,78753,Ongoing,34.5,DISTURBANCE - OTHER,1,2,0,NA,NA,NA,NA
1826,0,0,78753,Cleared,60.58064516,THEFT,22,109,1,NA,NA,NA,NA
1829,0,0,78759,Not Cleared,29.57142857,BURGLARY NON RESIDENCE,7,19,0,NA,NA,NA,NA
1832,0,0,78753,Cleared,28.87037037,CRIMINAL MISCHIEF,10,100,7,NA,NA,NA,NA
1833,0,0,78753,Cleared,58.61016949,THEFT,20,170,3,NA,NA,NA,NA
1834,1,1.030927835,78724,Cleared,46.39102564,THEFT,28,200,9,NA,NA,NA,NA
1835,0,0,78753,Ongoing,36.9,ASSAULT BY THREAT,2,12,2,NA,NA,NA,NA
1836,0,0,78660,Not Cleared,111.5806452,CRIMINAL MISCHIEF,5,52,6,NA,NA,NA,NA
1837,0,0,78724,Cleared,62.09090909,BURGLARY OF VEHICLE,18,143,4,NA,NA,NA,NA
1839,0,0,78753,Cleared,31.97058824,DWI,6,41,2,NA,NA,NA,NA
1840,0,0,78660,Cleared,60.175,DWI,7,53,3,NA,NA,NA,NA
1842,0,0,78754,Ongoing,32.46153846,ASSAULT W/INJURY-FAM/DATE VIOL,2,17,2,NA,NA,NA,NA
1843,0,0,78758,Ongoing,6,CRIMINAL MISCHIEF,1,1,0,NA,NA,NA,NA
1845,0,0,78758,Cleared,31,FAILURE TO IDENTIFY,1,1,0,NA,NA,NA,NA
1846,0,0,78727,Cleared,33.58333333,CUSTODY ARREST TRAFFIC WARR,6,19,0,NA,NA,NA,NA
1847,0,0,78727,Cleared,16.23529412,CUSTODY ARREST TRAFFIC WARR,3,25,1,NA,NA,NA,NA
1848,0,0,78727,Cleared,16.9047619,DWI,8,37,1,NA,NA,NA,NA
1849,0,0,78758,Cleared,53.38888889,DWI,16,88,2,NA,NA,NA,NA
1850,0,0,78759,Ongoing,52.33333333,BURGLARY OF VEHICLE,1,4,0,NA,NA,NA,NA
1851,0,0,78728,Ongoing,30,CHILD ENDANGERMENT- ABANDONMEN,2,6,0,NA,NA,NA,NA
1852,0,0,78728,Cleared,44.5890411,DWI,18,97,4,NA,NA,NA,NA
1853,0,0,78728,Cleared,31,CUSTODY ARREST TRAFFIC WARR,1,1,0,NA,NA,NA,NA
1901,0,0,78704,Cleared,51.68656716,BURGLARY OF VEHICLE,30,91,0,NA,NA,NA,NA
1904,0,0,78746,Cleared,23.77777778,BURGLARY OF VEHICLE,4,13,0,NA,NA,NA,NA
1906,0,0,78746,Cleared,81.31666667,BURGLARY OF VEHICLE,51,90,0,NA,NA,NA,NA
1908,0,0,78735,Ongoing,10.71428571,AUTO THEFT,3,9,0,NA,NA,NA,NA
1909,0,0,78745,Not Cleared,67.29390681,BURGLARY OF VEHICLE,125,350,4,NA,NA,NA,NA
1910,0,0,78746,Cleared,32.89051095,BURGLARY OF VEHICLE,38,168,0,NA,NA,NA,NA
1911,0,0,78746,Cleared,37.3559322,BURGLARY OF VEHICLE,19,77,1,NA,NA,NA,NA
1912,0,0,78746,Not Cleared,38.61538462,THEFT,14,100,1,NA,NA,NA,NA
1913,0,0,78746,Cleared,51.88343558,THEFT,46,228,4,NA,NA,NA,NA
2002,0,0,78704,Cleared,22.51282051,VOCO - ALCOHOL  CONSUMPTION,8,62,0,NA,NA,NA,NA
2003,0,0,78704,Not Cleared,35,BURGLARY OF VEHICLE,5,34,0,NA,NA,NA,NA
2004,0,0,78704,Cleared,41.12601626,THEFT,81,323,1,NA,NA,NA,NA
2005,0,0,78704,Cleared,29.83823529,WARRANT ARREST NON TRAFFIC,14,114,0,NA,NA,NA,NA
2104,0,0,78723,Cleared,100.5416667,DWI,4,35,0,NA,NA,NA,NA
2105,0,0,78751,Cleared,32.98125,VIOL CITY ORDINANCE - OTHER,29,231,5,NA,NA,NA,NA
2106,0,0,78723,Not Cleared,36.6,AGG ASSAULT,1,8,1,NA,NA,NA,NA
2107,0,0,78723,Cleared,14.66666667,CUSTODY ARREST TRAFFIC WARR,3,16,0,NA,NA,NA,NA
2108,0,0,78723,Cleared,30.10526316,DWI,3,20,1,NA,NA,NA,NA
2109,0,0,78721,Cleared,31.5600907,THEFT,86,503,16,NA,NA,NA,NA
2110,0,0,78721,Cleared,38.76271186,POSS CONTROLLED SUB/NARCOTIC,9,66,2,NA,NA,NA,NA
2111,0,0,78721,Cleared,95.16911765,DWI,24,178,4,NA,NA,NA,NA
2112,0,0,78723,Cleared,51.23287671,DWI,25,105,7,NA,NA,NA,NA
2113,0,0,78723,Cleared,24.02898551,DWI,20,88,1,NA,NA,NA,NA
2201,0,0,78723,Cleared,46.88067445,THEFT,99,991,58,NA,NA,NA,NA
2202,0,0,78724,Ongoing,44.28448276,ASSAULT W/INJURY-FAM/DATE VIOL,14,140,20,NA,NA,NA,NA
2205,0,0,78721,Cleared,41.94609164,DWI,64,479,13,NA,NA,NA,NA
2206,0,0,78621,Not Cleared,100,POSS CONTROLLED SUB/NARCOTIC,2,7,0,NA,NA,NA,NA
2303,0,0,78617,Cleared,30.01557632,THEFT,59,399,16,NA,NA,NA,NA
2304,0,0,78741,Cleared,27.984375,POSS OF DRUG PARAPHERNALIA,12,70,4,NA,NA,NA,NA
2307,0,0,78741,Cleared,60.80405405,CUSTODY ARREST TRAFFIC WARR,17,173,7,NA,NA,NA,NA
2308,0,0,78704,Cleared,54.34920635,DWI,10,72,1,NA,NA,NA,NA
2310,0,0,78741,Cleared,55.3,DWI,13,78,4,NA,NA,NA,NA
2311,0,0,78741,Cleared,18.63636364,BURGLARY OF VEHICLE,2,15,0,NA,NA,NA,NA
2312,0,0,78741,Not Cleared,30.11111111,BURGLARY NON RESIDENCE,9,91,2,NA,NA,NA,NA
2313,0,0,78741,Cleared,39.80952381,BURGLARY NON RESIDENCE,4,22,0,NA,NA,NA,NA
2314,0,0,78741,Cleared,0,CUSTODY ARREST TRAFFIC WARR,1,1,0,NA,NA,NA,NA
2315,0,0,78741,Cleared,26,POSS OF DRUG PARAPHERNALIA,6,16,0,NA,NA,NA,NA
2316,0,0,78741,Not Cleared,6,CUSTODY ARREST TRAFFIC WARR,1,4,0,NA,NA,NA,NA
2402,0,0,78745,Cleared,35.93103448,BURGLARY OF VEHICLE,6,37,0,NA,NA,NA,NA
2403,0,0,78745,Cleared,48.545,DWI,35,258,5,NA,NA,NA,NA
2407,0,0,78652,Cleared,44.5,DWI,3,16,1,NA,NA,NA,NA
2409,0,0,78745,Not Cleared,7,ASSAULT BY CONTACT FAM/DATING,1,1,0,NA,NA,NA,NA
2411,0,0,78741,Cleared,29.22282609,BURGLARY OF VEHICLE,28,260,7,NA,NA,NA,NA
2412,0,0,78744,Cleared,33.82352941,ASSAULT W/INJURY-FAM/DATE VIOL,2,18,4,NA,NA,NA,NA
2413,0,0,78744,Cleared,29.18181818,POSSESSION OF MARIJUANA,3,12,1,NA,NA,NA,NA
2416,0,0,78617,Cleared,27.48076923,CUSTODY ARREST TRAFFIC WARR,31,144,8,NA,NA,NA,NA
2417,0,0,78741,Cleared,40.99598394,DWI,57,320,11,NA,NA,NA,NA
2418,0,0,78747,Cleared,39.40350877,BURGLARY OF VEHICLE,14,90,5,NA,NA,NA,NA
2419,0,0,78744,Cleared,52.38135593,VIOL CITY ORDINANCE - OTHER,25,165,3,NA,NA,NA,NA
2420,0,0,78744,Not Cleared,36.61,BURGLARY OF VEHICLE,16,124,12,NA,NA,NA,NA
2421,0,0,78748,Not Cleared,48.33333333,BURGLARY NON RESIDENCE,5,31,1,NA,NA,NA,NA
2422,0,0,78745,Cleared,27.09448819,VIOL CITY ORDINANCE - OTHER,35,183,4,NA,NA,NA,NA
2423,0,0,78748,Not Cleared,105,CRIMINAL MISCHIEF,1,2,0,NA,NA,NA,NA
9503,0,0,78612,Not Cleared,10,ASSAULT W/INJURY-FAM/DATE VIOL,2,5,2,NA,NA,NA,NA
9508,0,0,78617,Not Cleared,66.66666667,ASSAULT W/INJURY-FAM/DATE VIOL,6,28,10,NA,NA,NA,NA
9800,0,0,78719,Not Cleared,32.1002139,THEFT,2129,14541,212,0,0,0,FALSE
10801,0,0,NA,Not Cleared,85.86206897,FORGERY AND PASSING,5,47,2,NA,NA,NA,NA
10901,0,0,NA,Not Cleared,7.5,CUSTODY ARREST TRAFFIC WARR,1,2,0,NA,NA,NA,NA
10902,0,0,78610,Cleared,21.75,AGG ASSAULT,1,6,1,NA,NA,NA,NA
10903,0,0,NA,Cleared,46.5,CUSTODY ARREST TRAFFIC WARR,2,17,1,NA,NA,NA,NA
20200,0,0,78642,Cleared,18,CUSTODY ARREST TRAFFIC WARR,1,1,0,NA,NA,NA,NA
20301,0,0,78642,Cleared,60,BURGLARY OF VEHICLE,1,5,0,NA,NA,NA,NA
20302,0,0,78641,Cleared,43.16666667,AUTO THEFT,1,7,0,NA,NA,NA,NA
20303,0,0,78641,Cleared,43,CUSTODY ARREST TRAFFIC WARR,3,21,2,NA,NA,NA,NA
20307,0,0,78613,Not Cleared,64,CRIMINAL MISCHIEF,1,1,0,NA,NA,NA,NA
20308,0,0,78713,Cleared,73,THEFT,15,69,1,NA,NA,NA,NA
20309,0,0,78729,Cleared,62.60200669,THEFT,182,1137,30,NA,NA,NA,NA
20402,0,0,78750,Cleared,56.86069652,THEFT,41,334,7,NA,NA,NA,NA
20403,0,0,78750,Not Cleared,31.75,BURGLARY OF VEHICLE,10,70,2,NA,NA,NA,NA
20404,0,0,78750,Cleared,58.33333333,CUSTODY ARREST TRAFFIC WARR,4,32,1,NA,NA,NA,NA
20405,0,0,78750,Cleared,46.03278689,CUSTODY ARREST TRAFFIC WARR,56,379,13,NA,NA,NA,NA
20406,0,0,78729,Cleared,52.31386861,CUSTODY ARREST TRAFFIC WARR,22,211,8,NA,NA,NA,NA
20501,0,0,78681,Cleared,7.722222222,VOCO - ALCOHOL  CONSUMPTION,7,25,1,NA,NA,NA,NA
20503,0,0,78681,Cleared,15.55555556,DWI,2,14,0,NA,NA,NA,NA
20504,0,0,78759,Cleared,79.078125,CUSTODY ARREST TRAFFIC WARR,17,106,4,NA,NA,NA,NA
20601,0,0,78681,Cleared,22.05882353,THEFT,8,34,0,NA,NA,NA,NA
20602,0,0,78681,Cleared,44.66666667,DWI,3,12,0,NA,NA,NA,NA
20701,0,0,78664,Cleared,34.53846154,ASSAULT W/INJURY-FAM/DATE VIOL,3,24,4,NA,NA,NA,NA
20703,0,0,78664,Cleared,52.55555556,BURGLARY OF VEHICLE,2,16,0,NA,NA,NA,NA
20801,0,0,76574,Cleared,155.0769231,DAMAGE CITY PROP,3,19,0,NA,NA,NA,NA
20802,0,0,78626,Cleared,13.75,AUTO THEFT,1,6,0,NA,NA,NA,NA
20900,0,0,78615,Cleared,30.5,BURGLARY OF RESIDENCE,1,2,0,NA,NA,NA,NA
21501,0,0,78664,Cleared,34.52173913,THEFT,10,66,8,NA,NA,NA,NA
21503,0,0,78664,Ongoing,20.5,CRIMINAL MISCHIEF,2,8,1,NA,NA,NA,NA
950100,0,0,78621,Cleared,81.625,POSS OF DRUG PARAPHERNALIA,2,14,0,NA,NA,NA,NA
950200,0,0,78621,Cleared,11.57142857,BURGLARY OF VEHICLE,2,17,1,NA,NA,NA,NA
950300,0,0,78612,Cleared,184.5,CUSTODY ARREST TRAFFIC WARR,2,10,1,NA,NA,NA,NA
960100,0,0,NA,Cleared,33,SEXUAL ASSAULT OF CHILD/OBJECT,1,1,0,NA,NA,NA,NA
NA,3,0.025430194,NA,Not Cleared,60.99516306,PROTECTIVE ORDER,1680,17015,776,NA,NA,NA,NA
